{"cameraMode":{"drawMode":0,"name":"Shaded","section":"Shading Mode"},"sceneLighting":true,"audioPlay":false,"sceneViewState":{"m_AlwaysRefresh":false,"showFog":true,"showSkybox":true,"showFlares":true,"showImageEffects":true,"showParticleSystems":true,"showVisualEffectGraphs":true,"m_FxEnabled":true},"in2DMode":false,"pivot":{"x":0.2099556177854538,"y":-0.03200976550579071,"z":0.5445999503135681},"rotation":{"x":0.06292959302663803,"y":-0.029936805367469789,"z":0.0018883940065279604,"w":0.9975671172142029},"size":0.13740123808383943,"orthographic":false}