{"cameraMode":{"drawMode":0,"name":"Shaded","section":"Shading Mode"},"sceneLighting":true,"audioPlay":false,"sceneViewState":{"m_AlwaysRefresh":false,"showFog":true,"showSkybox":true,"showFlares":true,"showImageEffects":true,"showParticleSystems":true,"showVisualEffectGraphs":true,"m_FxEnabled":true},"in2DMode":false,"pivot":{"x":-0.4788999855518341,"y":-0.06419999897480011,"z":0.5527999997138977},"rotation":{"x":0.03449247032403946,"y":-0.0029983120039105417,"z":0.00010425114305689931,"w":0.9993999600410461},"size":0.29556912183761599,"orthographic":false}