{"cameraMode":{"drawMode":0,"name":"Shaded","section":"Shading Mode"},"sceneLighting":true,"audioPlay":false,"sceneViewState":{"m_AlwaysRefresh":false,"showFog":true,"showSkybox":true,"showFlares":true,"showImageEffects":true,"showParticleSystems":true,"showVisualEffectGraphs":true,"m_FxEnabled":true},"in2DMode":false,"pivot":{"x":0.18799999356269837,"y":0.06919999420642853,"z":0.5451999306678772},"rotation":{"x":0.017994513735175134,"y":-0.022494254633784295,"z":0.0004066425608471036,"w":0.9995936751365662},"size":0.2701515257358551,"orthographic":false}