{"cameraMode":{"drawMode":0,"name":"Shaded","section":"Shading Mode"},"sceneLighting":true,"audioPlay":false,"sceneViewState":{"m_AlwaysRefresh":false,"showFog":true,"showSkybox":true,"showFlares":true,"showImageEffects":true,"showParticleSystems":true,"showVisualEffectGraphs":true,"m_FxEnabled":true},"in2DMode":false,"pivot":{"x":0.005899999290704727,"y":-0.1662999987602234,"z":0.3106999695301056},"rotation":{"x":0.14439170062541963,"y":0.0014834239846095443,"z":-0.00021843856666237116,"w":0.9895215034484863},"size":0.11721276491880417,"orthographic":false}