{"cameraMode":{"drawMode":0,"name":"Shaded","section":"Shading Mode"},"sceneLighting":true,"audioPlay":false,"sceneViewState":{"m_AlwaysRefresh":false,"showFog":true,"showSkybox":true,"showFlares":true,"showImageEffects":true,"showParticleSystems":true,"showVisualEffectGraphs":true,"m_FxEnabled":true},"in2DMode":false,"pivot":{"x":0.2099556177854538,"y":-0.03200976550579071,"z":0.5445999503135681},"rotation":{"x":0.059403423219919208,"y":-0.2561129927635193,"z":0.01577077805995941,"w":0.9646907448768616},"size":0.05969749018549919,"orthographic":false}